{"current":{"colors_text":"#676767","colors_text_alt":"#232323","colors_lines":"#dadada","colors_background_1":"#ffffff","colors_background_2":"#f8f8f8","colors_accent_1_text":"#ffffff","colors_accent_1":"#232323","colors_accent_2_text":"#ffffff","colors_accent_2":"#676767","colors_accent_3_text":"#232323","colors_accent_3":"#ffffff","colors_primary_button_text":"#ffffff","colors_primary_button_background":"#232323","colors_secondary_button_text":"#dadada","colors_secondary_button_background":"#232323","color_badge_sale":"#CA4141","color_badge_instock":"#337239","color_badge_limitedstock":"#bd6b1b","color_badge_outofstock":"#922C2C","typography_headings":"roboto_n5","typography_headings_size":105,"typography_body":"roboto_n4","typography_body_size":100,"favicon":"shopify:\/\/shop_images\/Favicon_e547e9a5-5033-46a5-b518-5b48a51bfa06.png","breadcrumbs_enabled":true,"catalog_enabled":false,"button_top_enabled":true,"buttons_style":"solid","buttons_shape":"rounded","buttons_font":"headings","only_x_left":11,"show_items_in_stock":false,"sale_badge_mode":"percentage","swatches_on_products":false,"swatches_on_filters":false,"predictive_search_enabled":true,"predictive_search_limit":4,"search_filter_type":"none","predictive_search_show_vendor":true,"predictive_search_show_price":true,"predictive_search_unavailable":"last","predictive_search_queries":true,"predictive_search_collections":true,"predictive_search_articles":true,"predictive_search_pages":false,"products_pagination":"default","products_two_column_mobile":true,"product_title_font":"body","products_show_secondary_image":true,"product_image_ratio":"portrait","product_image_crop":true,"products_show_add_to_cart":false,"products_add_to_cart_style":"outline","currency_code_enabled":true,"price_tax_suffix":"","checkout_logo_image":"shopify:\/\/shop_images\/400_100.png","checkout_logo_size":"large","checkout_body_background_color":"#ffffff","checkout_input_background_color_mode":"white","checkout_sidebar_background_color":"#ffffff","checkout_accent_color":"#337239","checkout_button_color":"#232323","content_for_index":[],"blocks":{"3740748680116854419":{"type":"shopify:\/\/apps\/product-description-icons\/blocks\/app-embed\/7dd56c55-575e-42fb-9dab-ccac1ce252d8","disabled":false,"settings":{}},"8765772171712610185":{"type":"shopify:\/\/apps\/t-lab-ai-language-translate\/blocks\/language_switcher\/b5b83690-efd4-434d-8c6a-a5cef4019faf","disabled":true,"settings":{"enable_language_switcher":false,"enable_country_region_switcher":false,"use_modal_dialog":false,"use_currency_for_region":false,"switcher_position":"custom","show_flags":true,"language_label":"language-name","language_country_mapping":"","countries_filter":"","custom_css":"","header_switcher_reference_element":"","header_switcher_relative_position":"before","mobile_menu_switcher_reference_element":"","mobile_switcher_relative_position":"before","header_switcher_border_width":0,"switcher_viewport_position":"top-right","custom_position_spacing_top":"55","custom_position_spacing_right":"20","custom_position_spacing_bottom":"20","custom_position_spacing_left":"20","custom_switcher_font_size":"14px","custom_switcher_border_width":1,"custom_switcher_text_color":"#5c5c5c","custom_switcher_background_color":"#ffffff","custom_switcher_border_color":"#000000"}},"855628211100114053":{"type":"shopify:\/\/apps\/klaviyo-email-marketing-sms\/blocks\/klaviyo-onsite-embed\/2632fe16-c075-4321-a88b-50b567f42507","disabled":false,"settings":{}},"15154131639906026026":{"type":"shopify:\/\/apps\/tinyimg\/blocks\/broken-link-embed\/0605268f-f7c4-4e95-b560-e43df7d59ae4","disabled":false,"settings":{}}}},"presets":{"Default":{"colors_text":"#676767","colors_text_alt":"#232323","colors_lines":"#dadada","colors_background_1":"#ffffff","colors_background_2":"#F8F8F8","colors_accent_1_text":"#ffffff","colors_accent_1":"#0244A9","colors_accent_2_text":"#ffffff","colors_accent_2":"#0B6CFF","colors_accent_3_text":"#ffffff","colors_accent_3":"#232323","color_badge_sale":"#CA4141","color_badge_instock":"#337239","color_badge_limitedstock":"#bd6b1b","color_badge_outofstock":"#922C2C","colors_primary_button_text":"#FFFFFF","colors_primary_button_background":"#0244A9","colors_secondary_button_text":"#FFFFFF","colors_secondary_button_background":"#0b6cff","typography_headings":"roboto_n5","typography_headings_size":100,"typography_body":"roboto_n4","typography_body_size":100,"breadcrumbs_enabled":true,"only_x_left":3,"sale_badge_mode":"sale","predictive_search_enabled":true,"predictive_search_limit":4,"search_filter_type":"tag","predictive_search_show_vendor":true,"predictive_search_show_price":false,"predictive_search_unavailable":"last","predictive_search_queries":true,"predictive_search_collections":true,"predictive_search_articles":true,"predictive_search_pages":true,"products_show_secondary_image":false,"products_show_add_to_cart":false,"products_two_column_mobile":true,"product_image_ratio":"adapt","currency_code_enabled":false},"Spoke":{"colors_text":"#676767","colors_text_alt":"#232323","colors_lines":"#dadada","colors_background_1":"#ffffff","colors_background_2":"#f8f8f8","colors_accent_1_text":"#ffffff","colors_accent_1":"#0f697c","colors_accent_2_text":"#ffffff","colors_accent_2":"#60a61b","colors_accent_3_text":"#ffffff","colors_accent_3":"#052830","color_badge_sale":"#CA4141","color_badge_instock":"#337239","color_badge_limitedstock":"#bd6b1b","color_badge_outofstock":"#922C2C","colors_primary_button_text":"#FFFFFF","colors_primary_button_background":"#0f697c","colors_secondary_button_text":"#FFFFFF","colors_secondary_button_background":"#60a61b","typography_headings":"fira_sans_n5","typography_headings_size":100,"typography_body":"roboto_n4","typography_body_size":100,"breadcrumbs_enabled":true,"only_x_left":3,"sale_badge_mode":"percentage","predictive_search_enabled":true,"predictive_search_limit":8,"search_filter_type":"vendor","predictive_search_show_vendor":true,"predictive_search_show_price":true,"predictive_search_unavailable":"last","predictive_search_queries":false,"predictive_search_collections":false,"predictive_search_articles":false,"predictive_search_pages":false,"products_show_secondary_image":true,"products_show_add_to_cart":true,"products_two_column_mobile":true,"product_image_ratio":"adapt","currency_code_enabled":false},"Pharm":{"colors_accent_1":"#087998","colors_accent_2":"#00303e","colors_accent_3":"#001d25","colors_primary_button_text":"#FFFFFF","colors_primary_button_background":"#087998","colors_secondary_button_text":"#FFFFFF","colors_secondary_button_background":"#00303e","typography_headings":"dm_sans_n5","typography_body":"dm_sans_n4","sale_badge_mode":"percentage","predictive_search_limit":6,"search_filter_type":"none","predictive_search_show_vendor":true,"predictive_search_show_price":true,"predictive_search_queries":false,"predictive_search_collections":false,"predictive_search_articles":false,"predictive_search_pages":false,"currency_code_enabled":true},"Electron":{"colors_text":"#3d3d3d","colors_accent_1":"#b40000","colors_accent_2":"#d91418","colors_accent_3":"#262626","colors_primary_button_text":"#ffffff","colors_primary_button_background":"#b40000","colors_secondary_button_text":"#ffffff","colors_secondary_button_background":"#d91418","typography_headings":"rubik_n5","breadcrumbs_enabled":true,"swatches_on_filters":true,"search_filter_type":"none","products_show_secondary_image":false}}}