{"sections":{"banner":{"type":"main-collection-banner","settings":{"show_collection_description":true,"show_collection_image":true,"collection_description_fullwidth":false,"overlay_opacity":80,"color_scheme":"background-1"}},"subcollections":{"type":"main-collection-subcollections","settings":{"image_ratio":"adapt","show_title":true,"show_product_size":true,"layout":"grid","columns":6,"stack_on_mobile":false}},"product-grid":{"type":"main-collection-product-grid","custom_css":[".price-item > span {font-size: calc(var(--font-body-scale) * 2rem);}"],"settings":{"products_per_page":24,"desktop_product_columns":"4","enable_filtering":true,"show_product_count":true,"enable_sorting":true,"filters_bar_sticky":false,"filters_bar_color_scheme":"accent-3","show_vendor":true,"show_stock":true,"show_rating":true,"side_menu_title":"Test","side_menu":""}},"fd5f45f3-79e4-40f8-b238-efe02f0119f6":{"type":"media-with-text","disabled":true,"blocks":{"template--17953083457803__fd5f45f3-79e4-40f8-b238-efe02f0119f6-16873971845ed73abb-0":{"type":"heading","settings":{"heading":"{{ collection.title }}"}},"template--17953083457803__fd5f45f3-79e4-40f8-b238-efe02f0119f6-16873971845ed73abb-1":{"type":"text","settings":{"text":"<p>{{ collection.metafields.my_fields.textk_rper | metafield_tag }}<\/p>"}}},"block_order":["template--17953083457803__fd5f45f3-79e4-40f8-b238-efe02f0119f6-16873971845ed73abb-0","template--17953083457803__fd5f45f3-79e4-40f8-b238-efe02f0119f6-16873971845ed73abb-1"],"settings":{"video_url":"https:\/\/www.youtube.com\/watch?v=_9VUPq3SxOc","layout":"media_first","desktop_content_alignment":"left","color_scheme":"background-1","spacing_top":60,"spacing_bottom":60}},"1c015712-4685-48cc-9d2d-25791062f660":{"type":"rich-text","blocks":{"template--17953083457803__1c015712-4685-48cc-9d2d-25791062f660-1687397344a60cbb99-0":{"type":"heading","settings":{"heading":"{{ collection.title }}"}},"template--17953083457803__1c015712-4685-48cc-9d2d-25791062f660-1687397344a60cbb99-1":{"type":"text","settings":{"text":"<p>{{ collection.metafields.my_fields.textk_rper | metafield_tag }}<\/p>"}}},"block_order":["template--17953083457803__1c015712-4685-48cc-9d2d-25791062f660-1687397344a60cbb99-0","template--17953083457803__1c015712-4685-48cc-9d2d-25791062f660-1687397344a60cbb99-1"],"settings":{"narrow":true,"overlay_background":"","alignment":"left","color_scheme":"background-2","spacing_top":60,"spacing_bottom":60}}},"order":["banner","subcollections","product-grid","fd5f45f3-79e4-40f8-b238-efe02f0119f6","1c015712-4685-48cc-9d2d-25791062f660"]}