{"sections":{"product-grid":{"type":"main-collection-product-grid","disabled":true,"custom_css":[".price-item > span {font-size: calc(var(--font-body-scale) * 2rem);}"],"settings":{"products_per_page":24,"desktop_product_columns":"4","enable_filtering":true,"show_product_count":true,"enable_sorting":true,"filters_bar_sticky":false,"filters_bar_color_scheme":"accent-3","show_vendor":true,"show_stock":true,"show_rating":true,"side_menu_title":"Test","side_menu":""}},"banner":{"type":"main-collection-banner","settings":{"show_collection_description":true,"show_collection_image":true,"collection_description_fullwidth":false,"overlay_opacity":80,"color_scheme":"background-1"}},"subcollections":{"type":"main-collection-subcollections","disabled":true,"settings":{"image_ratio":"adapt","show_title":true,"show_product_size":true,"layout":"grid","columns":6,"stack_on_mobile":false}},"3ffb2a9c-a865-493f-b386-2e956d9dfc1d":{"type":"rich-text","blocks":{"template--17953076019467__3ffb2a9c-a865-493f-b386-2e956d9dfc1d-168720552541613edf-0":{"type":"heading","settings":{"heading":"-Mystery Box- coming soon"}},"template--17953076019467__3ffb2a9c-a865-493f-b386-2e956d9dfc1d-168720552541613edf-1":{"type":"text","settings":{"text":"<p>unsere Mystery Boxes werden bald veröffentlicht. Wenn du Up to date bleiben möchtest. Abonniere unseren Newsletter.<\/p>"}},"b54aa821-2a2c-4f4b-9284-9fcbc2777241":{"type":"button","settings":{"button_label":"Startseite","button_link":"https:\/\/weingaumen.com\/"}}},"block_order":["template--17953076019467__3ffb2a9c-a865-493f-b386-2e956d9dfc1d-168720552541613edf-0","template--17953076019467__3ffb2a9c-a865-493f-b386-2e956d9dfc1d-168720552541613edf-1","b54aa821-2a2c-4f4b-9284-9fcbc2777241"],"settings":{"narrow":true,"overlay_background":"","alignment":"center","color_scheme":"background-1","spacing_top":60,"spacing_bottom":60}}},"order":["product-grid","banner","subcollections","3ffb2a9c-a865-493f-b386-2e956d9dfc1d"]}