{"sections":{"collections-1":{"type":"collection-list","blocks":{"collection-0":{"type":"collection","settings":{"collection":"rotwein","image":"shopify:\/\/shop_images\/wein1-01-01.jpg","overlay_background":"linear-gradient(180deg, rgba(0, 0, 0, 0), rgba(0, 0, 0, 0.8) 100%)","button_text":"Unsere Auswahl an Rotweinen","button_type_link":true,"button_color_scheme":"background-1","heading_size":"md","text_color":"#ffffff","box_align":"bottom-left","mobile_heading_size":"md","mobile_box_align":"bottom-left"}},"collection-1":{"type":"collection","settings":{"collection":"castelfeder","image":"shopify:\/\/shop_images\/Vorlage_aus_Castelfeder_Aktion_2-PhotoRoom_1.png","overlay_background":"linear-gradient(0deg, rgba(110, 103, 105, 1), rgba(35, 35, 35, 0) 34%)","button_text":"Bei 12 Castelfeder Flaschen. Gratis Tragetasche incl. Kellnermesser","button_type_link":true,"button_color_scheme":"background-1","heading_size":"md","text_color":"#ffffff","box_align":"bottom-right","mobile_heading_size":"md","mobile_box_align":"bottom-left"}},"collection-2":{"type":"collection","settings":{"collection":"portwein","image":"shopify:\/\/shop_images\/DALLE2_2.png","overlay_background":"linear-gradient(180deg, rgba(0, 0, 0, 0), rgba(0, 0, 0, 0.8) 100%)","button_text":"Entdecke jetzt unsere unvergleichliche Auswahl an Portwein","button_type_link":true,"button_color_scheme":"background-1","heading_size":"md","text_color":"#ffffff","box_align":"bottom-left","mobile_heading_size":"md","mobile_box_align":"bottom-left"}}},"block_order":["collection-0","collection-1","collection-2"],"settings":{"heading":"","link_title":"All collections","link_url":"","card_ratio":"landscape","show_title":true,"show_description":false,"show_button":true,"card_clickable_desktop":true,"layout":"mosaic","columns":1,"stack_on_mobile":true,"color_scheme":"background-1","spacing_top":60,"spacing_bottom":60}},"brands":{"type":"brands","disabled":true,"blocks":{"collection-0":{"type":"collection","settings":{"collection":"","link":""}},"collection-1":{"type":"collection","settings":{"collection":"","link":""}},"collection-2":{"type":"collection","settings":{"collection":"","link":""}},"collection-3":{"type":"collection","settings":{"collection":"","link":""}},"collection-4":{"type":"collection","settings":{"collection":"","link":""}},"collection-5":{"type":"collection","settings":{"collection":"","link":""}},"collection-6":{"type":"collection","settings":{"collection":"","link":""}}},"block_order":["collection-0","collection-1","collection-2","collection-3","collection-4","collection-5","collection-6"],"settings":{"heading":"Shop by brand","layout":"slider","columns":5,"stack_on_mobile":false,"image_ratio":"adapt","color_scheme":"background-1","spacing_top":60,"spacing_bottom":60}},"featured-collection-1":{"type":"featured-collection","settings":{"collection":"neu-eingetroffen","products_to_show":8,"products":[],"heading":"Neu eingetroffen","show_vendor":true,"show_stock":true,"show_rating":false,"show_collection":false,"collection_overlay_background":"linear-gradient(180deg, rgba(0, 0, 0, 0), rgba(0, 0, 0, 0.8) 100%)","collection_title":"","collection_description":"","collection_text_color":"#ffffff","collection_button_text":"","collection_box_align":"bottom-left","layout":"slider","columns":"4","stack_on_mobile":true,"color_scheme":"background-1","spacing_top":60,"spacing_bottom":60}},"collections-2":{"type":"collection-list","blocks":{"collection-0":{"type":"collection","settings":{"collection":"rotwein","overlay_background":"linear-gradient(180deg, rgba(0, 0, 0, 0), rgba(0, 0, 0, 0.8) 100%)","button_text":"Unsere Rotweine","button_type_link":false,"button_color_scheme":"background-1","heading_size":"xl","text_color":"#ffffff","box_align":"bottom-left","mobile_heading_size":"md","mobile_box_align":"bottom-left"}},"collection-1":{"type":"collection","settings":{"collection":"rosewein","overlay_background":"linear-gradient(180deg, rgba(0, 0, 0, 0), rgba(0, 0, 0, 0.8) 100%)","button_text":"Unsere Roséweine","button_type_link":false,"button_color_scheme":"background-1","heading_size":"xl","text_color":"#ffffff","box_align":"bottom-left","mobile_heading_size":"md","mobile_box_align":"bottom-left"}},"collection-2":{"type":"collection","settings":{"collection":"weisswein-aus-portugal-spanien-italien-und-deutschland","overlay_background":"linear-gradient(180deg, rgba(0, 0, 0, 0), rgba(0, 0, 0, 0.8) 100%)","button_text":"Unsere Weißweine","button_type_link":false,"button_color_scheme":"background-1","heading_size":"xl","text_color":"#ffffff","box_align":"bottom-left","mobile_heading_size":"md","mobile_box_align":"bottom-left"}},"collection-3":{"type":"collection","settings":{"collection":"champagner","overlay_background":"linear-gradient(180deg, rgba(0, 0, 0, 0), rgba(0, 0, 0, 0.8) 100%)","button_text":"Unsere Champagner","button_type_link":false,"button_color_scheme":"background-1","heading_size":"xl","text_color":"#ffffff","box_align":"bottom-left","mobile_heading_size":"md","mobile_box_align":"bottom-left"}},"collection-4":{"type":"collection","disabled":true,"settings":{"collection":"sale","overlay_background":"linear-gradient(180deg, rgba(0, 0, 0, 0), rgba(0, 0, 0, 0.8) 100%)","button_text":"Unsere Angebote","button_type_link":false,"button_color_scheme":"background-1","heading_size":"xl","text_color":"#ffffff","box_align":"bottom-left","mobile_heading_size":"md","mobile_box_align":"bottom-left"}},"collection-5":{"type":"collection","settings":{"collection":"portwein","overlay_background":"linear-gradient(180deg, rgba(0, 0, 0, 0), rgba(0, 0, 0, 0.8) 100%)","button_text":"Unsere Portweine","button_type_link":false,"button_color_scheme":"background-1","heading_size":"xl","text_color":"#ffffff","box_align":"bottom-left","mobile_heading_size":"md","mobile_box_align":"bottom-left"}}},"block_order":["collection-0","collection-1","collection-2","collection-3","collection-4","collection-5"],"custom_css":[],"settings":{"heading":"","link_title":"","link_url":"","card_ratio":"auto","show_title":true,"show_description":false,"show_button":true,"card_clickable_desktop":false,"layout":"mosaic","columns":4,"stack_on_mobile":false,"color_scheme":"background-1","spacing_top":60,"spacing_bottom":60}},"tabs":{"type":"collection-tabs","blocks":{"collection-0":{"type":"collection","settings":{"collection":"bodegas-agronavarra","collection_tab_label":"","products":[]}},"collection-1":{"type":"collection","settings":{"collection":"bodega-campillo","collection_tab_label":"","products":[]}},"collection-2":{"type":"collection","settings":{"collection":"bodegas-faustino","collection_tab_label":"","products":[]}}},"block_order":["collection-0","collection-1","collection-2"],"settings":{"heading":"Beliebte Weingüter","products_to_show":4,"show_vendor":true,"show_stock":true,"show_rating":false,"layout":"grid","columns":"4","stack_on_mobile":true,"color_scheme":"background-1","spacing_top":60,"spacing_bottom":60}},"blog":{"type":"blog-posts","disabled":true,"settings":{"heading":"Gut zu Wissen","link_title":"Weitere Artikel zum nachlesen","link_url":"\/blogs\/news","blog":"news","posts_to_show":4,"show_date":true,"show_author":false,"columns":"4","stack_on_mobile":true,"color_scheme":"background-1","spacing_top":60,"spacing_bottom":60}}},"order":["collections-1","brands","featured-collection-1","collections-2","tabs","blog"]}