{"sections":{"main":{"type":"main-product","blocks":{"title":{"type":"title","settings":{"show_vendor":true,"show_stock":true,"show_sku":true,"show_barcode":false,"barcode_label":"Barcode","show_rating":true}},"494ac1b9-6caa-4d90-ab67-75ea3fc6ef87":{"type":"shopify:\/\/apps\/product-description-icons\/blocks\/app-block\/7dd56c55-575e-42fb-9dab-ccac1ce252d8","settings":{"group":"1","outerclass":"","outerstyle":"","innerclass":"","innerstyle":"","imageclass":"","imagestyle":"","textclass":"","textstyle":""}},"price":{"type":"price","settings":{}},"variants":{"type":"variants","settings":{"picker_type":"button","hide_single_variant":false,"out_of_stock_variants":"show"}},"buy_buttons":{"type":"buy_buttons","settings":{"show_quantity":true,"show_add_to_cart":true,"show_buy_now":false}},"subtitle":{"type":"text","settings":{"text":"{{ product.metafields.descriptors.subtitle.value }}","icon":"","text_2":"Schneller Versand durch UPS & DHL","icon_2":"truck","text_3":"Stabile Verpackung","icon_3":"box","text_4":"Sichere Bezahlung","icon_4":"shield-plus","color_scheme":"background-1"}},"availability":{"type":"availability","settings":{}},"7b6af140-c238-4dd4-b91c-274f3f708f17":{"type":"complementary","disabled":true,"settings":{"title":"Eine gute Alternative","count":3,"show_vendor":true,"show_rating":false,"show_add_to_cart":false}},"extra":{"type":"extra","disabled":true,"settings":{"text":"<p>Use this text to encourage <strong>communication<\/strong> or promote <strong>sharing<\/strong> on social networks.<\/p><p><a href=\"#\">You can also add links<\/a><\/p>","show_facebook":true,"show_twitter":true,"show_linkedin":true}},"description":{"type":"description","disabled":true,"settings":{"title":"Beschreibung","expanded":true}},"d742e620-ab25-4739-ade2-06c2e732a0d6":{"type":"custom_liquid","disabled":true,"settings":{"title":"","icon":"","custom_liquid":"","position":"left","expanded":false}},"c2c79148-1217-4be2-b728-7ac1f56f718a":{"type":"complementary","disabled":true,"settings":{"title":"Werden gerne zusammen gekauft","count":3,"show_vendor":true,"show_rating":false,"show_add_to_cart":true}},"9eac7640-426e-4a20-9915-8acbf7bc6569":{"type":"complementary","disabled":true,"settings":{"title":"Frequently bought together","count":3,"show_vendor":true,"show_rating":false,"show_add_to_cart":true}}},"block_order":["title","494ac1b9-6caa-4d90-ab67-75ea3fc6ef87","price","variants","buy_buttons","subtitle","availability","7b6af140-c238-4dd4-b91c-274f3f708f17","extra","description","d742e620-ab25-4739-ade2-06c2e732a0d6","c2c79148-1217-4be2-b728-7ac1f56f718a","9eac7640-426e-4a20-9915-8acbf7bc6569"],"custom_css":[".price-item > span {font-size: calc(var(--font-body-scale) * 2.5rem);}"],"settings":{"hide_variants":false,"thumbnail_navigation":false}},"recommendations":{"type":"product-recommendations","settings":{"show":false,"title":"Weitere Weine","count":"5","show_vendor":true,"show_stock":true,"show_rating":true,"color_scheme":"background-1","spacing_top":60,"spacing_bottom":60}},"98fa37e9-488d-4216-b6bf-c0c5ad2e5030":{"type":"slideshow","blocks":{"template--17952737624331__98fa37e9-488d-4216-b6bf-c0c5ad2e5030-1687181987d48405ea-0":{"type":"slide","settings":{"image":"shopify:\/\/shop_images\/Vorlage_aus_Castelfeder_Aktion_2-PhotoRoom_1.png","overlay_background":"linear-gradient(180deg, rgba(0, 0, 0, 0) 50%, rgba(0, 0, 0, 0.8) 100%)","heading":"Gratis Tragetasche + Kellnermesser","heading_size":"md","subheading":"<p><strong>12 beliebige Flaschen<\/strong> von Castelfeder in den Warenkorb hinzufügen & Castelfeder Tragetasche und Kellnermesser kostenfrei dazu erhalten.<\/p><p><\/p><p>Die Aktion gilt bis 31.07.2023 und nur solange der Vorrat reicht. Kein Gutscheincode notwendig, lediglich die Zugabe mit in den Warenkorb legen.<\/p>","text_color":"#ffffff","button_label":"","button_type_link":false,"button_color_scheme":"button-primary","link":"shopify:\/\/collections\/castelfeder","box_align":"bottom-left","content_width":60,"mobile_heading_size":"md","mobile_box_align":"bottom-left"}},"template--17952737624331__98fa37e9-488d-4216-b6bf-c0c5ad2e5030-1687181987d48405ea-1":{"type":"slide","disabled":true,"settings":{"overlay_background":"linear-gradient(180deg, rgba(0, 0, 0, 0), rgba(0, 0, 0, 0.8) 100%)","heading":"Image slide","heading_size":"md","subheading":"<p>Tell your brand's story through images<\/p>","text_color":"#ffffff","button_label":"Button label","button_type_link":false,"button_color_scheme":"button-primary","link":"","box_align":"bottom-left","content_width":60,"mobile_heading_size":"md","mobile_box_align":"bottom-left"}}},"block_order":["template--17952737624331__98fa37e9-488d-4216-b6bf-c0c5ad2e5030-1687181987d48405ea-0","template--17952737624331__98fa37e9-488d-4216-b6bf-c0c5ad2e5030-1687181987d48405ea-1"],"settings":{"full_width":false,"slide_height":"adapt_image","auto_rotate":false,"change_slides_speed":5,"animation_type":"slide","accessibility_info":"","color_scheme":"background-1","spacing_top":60,"spacing_bottom":60}},"88f17dab-33ed-4bc9-b309-77de12f9942d":{"type":"featured-collection","settings":{"collection":"castelfeder","products_to_show":5,"products":[],"heading":"Weingut Castelfeder (Aktion)","show_vendor":true,"show_stock":true,"show_rating":false,"show_collection":false,"collection_overlay_background":"linear-gradient(180deg, rgba(0, 0, 0, 0), rgba(0, 0, 0, 0.8) 100%)","collection_title":"","collection_description":"","collection_text_color":"#ffffff","collection_button_text":"","collection_box_align":"bottom-left","layout":"grid","columns":"4","stack_on_mobile":false,"color_scheme":"background-1","spacing_top":60,"spacing_bottom":60}},"7c874996-6000-43d6-94e4-8dc62a37a83b":{"type":"featured-collection","disabled":true,"settings":{"collection":"{{ product.metafields.custom.weingut_objekt.value.weingut_kategorie.value }}","products_to_show":4,"products":[],"heading":"Weitere von  {{ product.vendor }}","show_vendor":true,"show_stock":true,"show_rating":false,"show_collection":false,"collection_overlay_background":"linear-gradient(180deg, rgba(0, 0, 0, 0), rgba(0, 0, 0, 0.8) 100%)","collection_title":"","collection_description":"","collection_text_color":"#ffffff","collection_button_text":"","collection_box_align":"bottom-left","layout":"grid","columns":"4","stack_on_mobile":false,"color_scheme":"background-1","spacing_top":60,"spacing_bottom":60}},"a9bcc1ed-c382-4f39-a1c4-d2ece22cd44d":{"type":"custom-related-products","disabled":true,"blocks":{"ef9516c3-c42f-4a14-bfec-4da26f441130":{"type":"related_product","settings":{"product":""}},"317e06df-6f4e-4a79-ae80-fb35b281815c":{"type":"related_product","settings":{"product":""}},"85d4bc0a-954a-4be4-ab88-37fbe7ac51ba":{"type":"related_product","settings":{"product":"chardonnay-doss-2019"}},"68275fd2-e52c-4026-830a-5fc492814d66":{"type":"related_product","settings":{"product":""}}},"block_order":["ef9516c3-c42f-4a14-bfec-4da26f441130","317e06df-6f4e-4a79-ae80-fb35b281815c","85d4bc0a-954a-4be4-ab88-37fbe7ac51ba","68275fd2-e52c-4026-830a-5fc492814d66"],"settings":{"title":"Related products","count":"4","show_vendor":true,"show_stock":true,"show_rating":false,"color_scheme":"background-1","spacing_top":60,"spacing_bottom":60}},"09bf000a-8bc0-4e93-b452-1768a4c73897":{"type":"rich-text","disabled":true,"blocks":{"template--17952737624331__09bf000a-8bc0-4e93-b452-1768a4c73897-1687181732ad7e7e5c-0":{"type":"heading","settings":{"heading":"12 Flaschen von Castelfeder kaufen Gratis Tragetasche incl. Kellnermesser erhalten."}},"template--17952737624331__09bf000a-8bc0-4e93-b452-1768a4c73897-1687181732ad7e7e5c-1":{"type":"text","settings":{"text":"<p>Jetzt 12 Flaschen von Castelfeder in den Warenkorb hinzufügen und automatisch eine Castelfeder Tragetasche incl. Castelfeder Kellnermesser erhalten. Die Aktion gilt bis 31.07.2023 und nur solange der Vorrat reicht.<\/p>"}},"template--17952737624331__09bf000a-8bc0-4e93-b452-1768a4c73897-1687181732ad7e7e5c-2":{"type":"button","settings":{"button_label":"Button label","button_link":""}}},"block_order":["template--17952737624331__09bf000a-8bc0-4e93-b452-1768a4c73897-1687181732ad7e7e5c-0","template--17952737624331__09bf000a-8bc0-4e93-b452-1768a4c73897-1687181732ad7e7e5c-1","template--17952737624331__09bf000a-8bc0-4e93-b452-1768a4c73897-1687181732ad7e7e5c-2"],"settings":{"narrow":true,"overlay_background":"","alignment":"center","color_scheme":"background-1","spacing_top":60,"spacing_bottom":60}}},"order":["main","recommendations","98fa37e9-488d-4216-b6bf-c0c5ad2e5030","88f17dab-33ed-4bc9-b309-77de12f9942d","7c874996-6000-43d6-94e4-8dc62a37a83b","a9bcc1ed-c382-4f39-a1c4-d2ece22cd44d","09bf000a-8bc0-4e93-b452-1768a4c73897"]}