{"sections":{"main":{"type":"main-product","blocks":{"title":{"type":"title","settings":{"show_vendor":true,"show_stock":true,"show_sku":true,"show_barcode":false,"barcode_label":"Barcode","show_rating":true}},"494ac1b9-6caa-4d90-ab67-75ea3fc6ef87":{"type":"shopify:\/\/apps\/product-description-icons\/blocks\/app-block\/7dd56c55-575e-42fb-9dab-ccac1ce252d8","disabled":true,"settings":{"group":"1","outerclass":"","outerstyle":"","innerclass":"","innerstyle":"","imageclass":"","imagestyle":"","textclass":"","textstyle":""}},"price":{"type":"price","settings":{}},"variants":{"type":"variants","settings":{"picker_type":"button","hide_single_variant":false,"out_of_stock_variants":"show"}},"buy_buttons":{"type":"buy_buttons","settings":{"show_quantity":true,"show_add_to_cart":true,"show_buy_now":false}},"subtitle":{"type":"text","settings":{"text":"{{ product.metafields.descriptors.subtitle.value }}","icon":"","text_2":"Schneller Versand durch UPS & DHL","icon_2":"truck","text_3":"Stabile Verpackung","icon_3":"box","text_4":"Sichere Bezahlung","icon_4":"shield-plus","color_scheme":"background-1"}},"availability":{"type":"availability","settings":{}},"7b6af140-c238-4dd4-b91c-274f3f708f17":{"type":"complementary","disabled":true,"settings":{"title":"Eine gute Alternative","count":3,"show_vendor":true,"show_rating":false,"show_add_to_cart":false}},"extra":{"type":"extra","disabled":true,"settings":{"text":"<p>Use this text to encourage <strong>communication<\/strong> or promote <strong>sharing<\/strong> on social networks.<\/p><p><a href=\"#\">You can also add links<\/a><\/p>","show_facebook":true,"show_twitter":true,"show_linkedin":true}},"description":{"type":"description","disabled":true,"settings":{"title":"Beschreibung","expanded":true}},"d742e620-ab25-4739-ade2-06c2e732a0d6":{"type":"custom_liquid","disabled":true,"settings":{"title":"","icon":"","custom_liquid":"","position":"left","expanded":false}},"c2c79148-1217-4be2-b728-7ac1f56f718a":{"type":"complementary","disabled":true,"settings":{"title":"Werden gerne zusammen gekauft","count":3,"show_vendor":true,"show_rating":false,"show_add_to_cart":true}},"9eac7640-426e-4a20-9915-8acbf7bc6569":{"type":"complementary","disabled":true,"settings":{"title":"Frequently bought together","count":3,"show_vendor":true,"show_rating":false,"show_add_to_cart":true}}},"block_order":["title","494ac1b9-6caa-4d90-ab67-75ea3fc6ef87","price","variants","buy_buttons","subtitle","availability","7b6af140-c238-4dd4-b91c-274f3f708f17","extra","description","d742e620-ab25-4739-ade2-06c2e732a0d6","c2c79148-1217-4be2-b728-7ac1f56f718a","9eac7640-426e-4a20-9915-8acbf7bc6569"],"custom_css":[".price-item > span {font-size: calc(var(--font-body-scale) * 2.5rem);}"],"settings":{"hide_variants":false,"thumbnail_navigation":false}},"recommendations":{"type":"product-recommendations","settings":{"show":false,"title":"Weitere Weine","count":"5","show_vendor":true,"show_stock":true,"show_rating":true,"color_scheme":"background-1","spacing_top":60,"spacing_bottom":60}},"7c874996-6000-43d6-94e4-8dc62a37a83b":{"type":"featured-collection","disabled":true,"settings":{"collection":"{{ product.metafields.custom.weingut_objekt.value.weingut_kategorie.value }}","products_to_show":4,"products":[],"heading":"Weitere von  {{ product.vendor }}","show_vendor":true,"show_stock":true,"show_rating":false,"show_collection":false,"collection_overlay_background":"linear-gradient(180deg, rgba(0, 0, 0, 0), rgba(0, 0, 0, 0.8) 100%)","collection_title":"","collection_description":"","collection_text_color":"#ffffff","collection_button_text":"","collection_box_align":"bottom-left","layout":"grid","columns":"4","stack_on_mobile":false,"color_scheme":"background-1","spacing_top":60,"spacing_bottom":60}}},"order":["main","recommendations","7c874996-6000-43d6-94e4-8dc62a37a83b"]}