{"sections":{"main":{"type":"main-product","blocks":{"title":{"type":"title","settings":{}},"subtitle":{"type":"text","settings":{"text":"{{ product.metafields.descriptors.subtitle.value }}"}},"price":{"type":"price","settings":{}},"variants":{"type":"variants","settings":{}},"buy_buttons":{"type":"buy_buttons","settings":{}},"availability":{"type":"availability","settings":{}},"extra":{"type":"extra","settings":{}},"description":{"type":"description","settings":{}}},"block_order":["title","subtitle","price","variants","buy_buttons","availability","extra","description"],"settings":{}},"recommendations":{"type":"product-recommendations","settings":{}}},"order":["main","recommendations"]}