{"name":"t:sections.footer.name","type":"footer","sections":{"167967913013e2b2dd":{"type":"apps","blocks":{"1e27360f-270f-4670-9ad0-8be3a07f0e37":{"type":"shopify:\/\/apps\/klaviyo-email-marketing-sms\/blocks\/form-embed-block\/2632fe16-c075-4321-a88b-50b567f42507","settings":{"formId":"<div class=\"klaviyo-form-RxXsHy\"><\/div>"}}},"block_order":["1e27360f-270f-4670-9ad0-8be3a07f0e37"],"settings":{"full_width":false}},"b5031ad2-c4f3-4a1d-85a8-5ad2a9c04288":{"type":"custom-liquid","settings":{"title":"Das sagen unsere Kunden","full_width":false,"liquid":"<!-- Begin eTrusted bootstrap tag -->\n<script src=\"https:\/\/integrations.etrusted.com\/applications\/widget.js\/v2\" async defer><\/script>\n<!-- End eTrusted bootstrap tag -->\n\n<!-- Begin eTrusted widget tag -->\n<etrusted-widget data-etrusted-widget-id=\"wdg-97493a1c-f233-416e-8d92-cd021ecea9f0\"><\/etrusted-widget>\n<!-- End eTrusted widget tag -->","color_scheme":"background-1"}},"footer-features":{"type":"footer-features","blocks":{"footer-feature-0":{"type":"feature","settings":{"icon":"truck","title":"Portofrei ab €80 (DE)","text":""}},"footer-feature-1":{"type":"feature","settings":{"icon":"returns","title":"100 Tage Rückgaberecht","text":""}},"footer-feature-2":{"type":"feature","settings":{"icon":"paper-airplane","title":"Lieferzeiten 2 - 4 Werktage","text":""}},"footer-feature-3":{"type":"feature","settings":{"icon":"certificate","title":"Geprüft & Zertifiziert","text":"<p>.<\/p>"}}},"block_order":["footer-feature-0","footer-feature-1","footer-feature-2","footer-feature-3"],"settings":{"inline":true,"stack_on_mobile":true,"color_scheme":"background-2","spacing_top":46,"spacing_bottom":46}},"newsletter":{"type":"newsletter","disabled":true,"settings":{"newsletter_enable":false,"title":"Our newsletter","text":"Subscribe to our newsletter and receive special offers","consent_checkbox":false,"consent_text":"<p>I agree to receive marketing emails and special deals.<\/p>","color_scheme":"accent-1","remove_borders":false,"spacing_top":30,"spacing_bottom":30}},"c5207417-89fa-473f-86fa-4c6edf749645":{"type":"custom-liquid","disabled":true,"settings":{"title":"","full_width":true,"liquid":"<!-- Begin eTrusted bootstrap tag -->\n<script src=\"https:\/\/integrations.etrusted.com\/applications\/widget.js\/v2\" defer async><\/script>\n<!-- End eTrusted bootstrap tag -->\n\n<!-- Begin eTrusted widget tag -->\n<etrusted-widget data-etrusted-widget-id=\"wdg-486fa211-9fc4-4f46-b30d-2c87c923d2b2\"><\/etrusted-widget>\n<!-- End eTrusted widget tag -->","color_scheme":"background-1"}},"footer":{"type":"footer","blocks":{"8f023dd6-436b-4a8c-a381-31a82a0166c0":{"type":"text","settings":{"title":"Service Hotline","link":"","image_width":340,"text":"<p>Telefonische Unterstützung und Beratung unter:<\/p><h2><strong>+4974222479929<\/strong><\/h2><p>Mo-Fr, 09:00 - 17:00 Uhr<\/p>"}},"footer-1":{"type":"menu","settings":{"title":"Rechtliches","menu":"footer"}},"footer-2":{"type":"menu","settings":{"title":"Informationen","menu":"unsere-geschichte"}},"b3bc8630-b158-46ac-9f24-4bf21a6d6210":{"type":"text","settings":{"title":"Wir versenden mit:","image":"shopify:\/\/shop_images\/Versand_Zeichenflaeche_1_Zeichenflaeche_1.png","link":"","image_width":340,"text":""}}},"block_order":["8f023dd6-436b-4a8c-a381-31a82a0166c0","footer-1","footer-2","b3bc8630-b158-46ac-9f24-4bf21a6d6210"],"settings":{"payment_enable":true,"show_social":false,"color_scheme":"background-1"}}},"order":["167967913013e2b2dd","b5031ad2-c4f3-4a1d-85a8-5ad2a9c04288","footer-features","newsletter","c5207417-89fa-473f-86fa-4c6edf749645","footer"]}