{"name":"t:sections.header.name","type":"header","sections":{"announcement-bar":{"type":"announcement-bar","custom_css":[],"settings":{"text":"Kostenfreie Lieferung ab 80€ innerhalb Deutschland","link":"","menu":"weinarten","show_social":true,"color_scheme":"background-2","remove_border":false,"spacing_top":1.3,"spacing_bottom":1.3}},"header":{"type":"header","blocks":{"fb23cd4f-ad97-4c74-b1bc-8b1bddb9b7d1":{"type":"megamenu","settings":{"menu_item":"Weine","side_title":"","side_text":"","side_url":"shopify:\/\/collections\/conde-valdemar"}},"001f6e51-5b57-44ef-83e1-6d69e6d4c89d":{"type":"megamenu","settings":{"menu_item":"Länder & Regionen","side_title":"","side_text":"","side_url":""}},"8442b1c3-76eb-47fa-bf4e-046aaf523086":{"type":"megamenu","settings":{"menu_item":"Die Winzer","side_title":"","side_text":"","side_url":""}},"efba19cc-d0ee-4c86-81c6-857029b9db79":{"type":"megamenu","settings":{"menu_item":"Portwein","side_title":"","side_text":"","side_url":""}}},"block_order":["fb23cd4f-ad97-4c74-b1bc-8b1bddb9b7d1","001f6e51-5b57-44ef-83e1-6d69e6d4c89d","8442b1c3-76eb-47fa-bf4e-046aaf523086","efba19cc-d0ee-4c86-81c6-857029b9db79"],"settings":{"logo":"shopify:\/\/shop_images\/Weingaumen_Logo_edit_11_Sauters-02.png","svg_logo_code":"","logo_width":190,"promo_title":"","promo_text":"","menu":"main-menu","menu_right":"","menu_mobile":"","menu_mobile_expand_on_arrow":false,"menu_font":"body","enable_language_selector":false,"enable_country_selector":true,"mini_cart_icon":"cart","redirect_to_cart":false,"enable_sticky_header":true,"header_color_scheme":"background-2","navigation_color_scheme":"background-2","navigation_remove_border":true,"navigation_submenu_color_scheme":"background-1","mobile_navigation_color_scheme":"background-1","spacing_top":1,"spacing_bottom":1}},"announcement-bar-secondary":{"type":"announcement-bar-secondary","settings":{"text":"","link":"","color_scheme":"background-2","remove_border":false,"spacing_top":1.3,"spacing_bottom":1.3}},"header-features":{"type":"header-features","settings":{"inline":false,"stack_on_mobile":true,"icon_size":"large","color_scheme":"background-2","spacing_top":46,"spacing_bottom":46}},"6b12e69b-f578-451e-97fc-86c4f49f03f5":{"type":"custom-liquid","disabled":true,"settings":{"title":"Your title","full_width":false,"liquid":"Write or copy\/paste Liquid code","color_scheme":"background-1"}}},"order":["announcement-bar","header","announcement-bar-secondary","header-features","6b12e69b-f578-451e-97fc-86c4f49f03f5"]}